ant_nb,trial_nb,state_int,next_state_int,action,action_int,reached_goal
32,8,52,74,"(-1, 1)",5,False
32,8,74,97,"(0, 1)",1,False
32,8,97,120,"(0, 1)",1,False
32,8,120,144,"(1, 1)",7,False
32,8,144,167,"(0, 1)",1,False
32,8,167,190,"(0, 1)",1,False
32,8,190,214,"(1, 1)",7,False
32,8,214,237,"(0, 1)",1,False
32,8,237,238,"(1, 0)",0,False
32,8,238,262,"(1, 1)",7,False
32,8,262,263,"(1, 0)",0,False
32,8,263,287,"(1, 1)",7,False
32,8,287,311,"(1, 1)",7,False
32,8,311,289,"(1, -1)",6,False
32,8,289,313,"(1, 1)",7,False
32,8,313,336,"(0, 1)",1,False
32,8,336,359,"(0, 1)",1,False
32,8,359,382,"(0, 1)",1,False
32,8,382,405,"(0, 1)",1,False
32,8,405,428,"(0, 1)",1,False
32,8,428,451,"(0, 1)",1,False
32,8,451,475,"(1, 1)",7,False
32,8,475,498,"(0, 1)",1,False
32,8,498,474,"(-1, -1)",4,False
32,8,474,450,"(-1, -1)",4,False
32,8,450,451,"(1, 0)",0,False
32,8,451,452,"(1, 0)",0,False
32,8,452,476,"(1, 1)",7,False
32,8,476,500,"(1, 1)",7,False
32,8,500,524,"(1, 1)",7,False
32,8,524,547,"(0, 1)",1,False
32,8,547,569,"(-1, 1)",5,False
32,8,569,592,"(0, 1)",1,False
32,8,592,616,"(1, 1)",7,False
32,8,616,615,"(-1, 0)",2,False
32,8,615,614,"(-1, 0)",2,False
32,8,614,613,"(-1, 0)",2,False
32,8,613,612,"(-1, 0)",2,False
32,8,612,611,"(-1, 0)",2,False
32,8,611,610,"(-1, 0)",2,False
32,8,610,609,"(-1, 0)",2,False
32,8,609,608,"(-1, 0)",2,False
32,8,608,607,"(-1, 0)",2,False
32,8,607,606,"(-1, 0)",2,False
32,8,606,605,"(-1, 0)",2,False
32,8,605,604,"(-1, 0)",2,False
32,8,604,627,"(0, 1)",1,False
32,8,627,628,"(1, 0)",0,False
32,8,628,629,"(1, 0)",0,False
32,8,629,630,"(1, 0)",0,False
32,8,630,631,"(1, 0)",0,False
32,8,631,632,"(1, 0)",0,False
32,8,632,633,"(1, 0)",0,False
32,8,633,634,"(1, 0)",0,False
32,8,634,635,"(1, 0)",0,False
32,8,635,636,"(1, 0)",0,False
32,8,636,637,"(1, 0)",0,False
32,8,637,638,"(1, 0)",0,False
32,8,638,639,"(1, 0)",0,False
32,8,639,662,"(0, 1)",1,False
32,8,662,686,"(1, 1)",7,False
32,8,686,709,"(0, 1)",1,False
32,8,709,733,"(1, 1)",7,False
32,8,733,756,"(0, 1)",1,False
32,8,756,779,"(0, 1)",1,False
32,8,779,802,"(0, 1)",1,False
32,8,802,825,"(0, 1)",1,False
32,8,825,847,"(-1, 1)",5,False
32,8,847,870,"(0, 1)",1,False
32,8,870,892,"(-1, 1)",5,False
32,8,892,915,"(0, 1)",1,False
32,8,915,938,"(0, 1)",1,False
32,8,938,960,"(-1, 1)",5,False
32,8,960,983,"(0, 1)",1,False
32,8,983,1005,"(-1, 1)",5,False
32,8,1005,1027,"(-1, 1)",5,False
32,8,1027,1049,"(-1, 1)",5,False
32,8,1049,1071,"(-1, 1)",5,False
32,8,1071,1093,"(-1, 1)",5,False
32,8,1093,1116,"(0, 1)",1,False
32,8,1116,1138,"(-1, 1)",5,False
32,8,1138,1160,"(-1, 1)",5,False
32,8,1160,1183,"(0, 1)",1,False
32,8,1183,1206,"(0, 1)",1,True
33,10,77,100,"(0, 1)",1,False
33,10,100,123,"(0, 1)",1,False
33,10,123,146,"(0, 1)",1,False
33,10,146,169,"(0, 1)",1,False
33,10,169,192,"(0, 1)",1,False
33,10,192,215,"(0, 1)",1,False
33,10,215,238,"(0, 1)",1,False
33,10,238,261,"(0, 1)",1,False
33,10,261,284,"(0, 1)",1,False
33,10,284,307,"(0, 1)",1,False
33,10,307,331,"(1, 1)",7,False
33,10,331,354,"(0, 1)",1,False
33,10,354,377,"(0, 1)",1,False
33,10,377,400,"(0, 1)",1,False
33,10,400,423,"(0, 1)",1,False
33,10,423,446,"(0, 1)",1,False
33,10,446,469,"(0, 1)",1,False
33,10,469,492,"(0, 1)",1,False
33,10,492,515,"(0, 1)",1,False
33,10,515,538,"(0, 1)",1,False
33,10,538,560,"(-1, 1)",5,False
33,10,560,583,"(0, 1)",1,False
33,10,583,605,"(-1, 1)",5,False
33,10,605,604,"(-1, 0)",2,False
33,10,604,627,"(0, 1)",1,False
33,10,627,626,"(-1, 0)",2,False
33,10,626,649,"(0, 1)",1,False
33,10,649,672,"(0, 1)",1,False
33,10,672,695,"(0, 1)",1,False
33,10,695,718,"(0, 1)",1,False
33,10,718,741,"(0, 1)",1,False
33,10,741,764,"(0, 1)",1,False
33,10,764,787,"(0, 1)",1,False
33,10,787,811,"(1, 1)",7,False
33,10,811,835,"(1, 1)",7,False
33,10,835,858,"(0, 1)",1,False
33,10,858,882,"(1, 1)",7,False
33,10,882,905,"(0, 1)",1,False
33,10,905,928,"(0, 1)",1,False
33,10,928,951,"(0, 1)",1,False
33,10,951,974,"(0, 1)",1,False
33,10,974,997,"(0, 1)",1,False
33,10,997,1020,"(0, 1)",1,False
33,10,1020,1043,"(0, 1)",1,False
33,10,1043,1066,"(0, 1)",1,False
33,10,1066,1089,"(0, 1)",1,False
33,10,1089,1112,"(0, 1)",1,False
33,10,1112,1135,"(0, 1)",1,False
33,10,1135,1158,"(0, 1)",1,False
33,10,1158,1181,"(0, 1)",1,False
33,10,1181,1204,"(0, 1)",1,False
33,10,1204,1205,"(1, 0)",0,False
33,10,1205,1206,"(1, 0)",0,True
34,4,99,123,"(1, 1)",7,False
34,4,123,146,"(0, 1)",1,False
34,4,146,170,"(1, 1)",7,False
34,4,170,193,"(0, 1)",1,False
34,4,193,217,"(1, 1)",7,False
34,4,217,240,"(0, 1)",1,False
34,4,240,264,"(1, 1)",7,False
34,4,264,288,"(1, 1)",7,False
34,4,288,311,"(0, 1)",1,False
34,4,311,334,"(0, 1)",1,False
34,4,334,357,"(0, 1)",1,False
34,4,357,381,"(1, 1)",7,False
34,4,381,404,"(0, 1)",1,False
34,4,404,427,"(0, 1)",1,False
34,4,427,451,"(1, 1)",7,False
34,4,451,474,"(0, 1)",1,False
34,4,474,497,"(0, 1)",1,False
34,4,497,520,"(0, 1)",1,False
34,4,520,543,"(0, 1)",1,False
34,4,543,566,"(0, 1)",1,False
34,4,566,589,"(0, 1)",1,False
34,4,589,612,"(0, 1)",1,False
34,4,612,611,"(-1, 0)",2,False
34,4,611,610,"(-1, 0)",2,False
34,4,610,609,"(-1, 0)",2,False
34,4,609,608,"(-1, 0)",2,False
34,4,608,607,"(-1, 0)",2,False
34,4,607,606,"(-1, 0)",2,False
34,4,606,605,"(-1, 0)",2,False
34,4,605,604,"(-1, 0)",2,False
34,4,604,627,"(0, 1)",1,False
34,4,627,651,"(1, 1)",7,False
34,4,651,652,"(1, 0)",0,False
34,4,652,676,"(1, 1)",7,False
34,4,676,677,"(1, 0)",0,False
34,4,677,701,"(1, 1)",7,False
34,4,701,724,"(0, 1)",1,False
34,4,724,748,"(1, 1)",7,False
34,4,748,772,"(1, 1)",7,False
34,4,772,795,"(0, 1)",1,False
34,4,795,818,"(0, 1)",1,False
34,4,818,842,"(1, 1)",7,False
34,4,842,865,"(0, 1)",1,False
34,4,865,889,"(1, 1)",7,False
34,4,889,913,"(1, 1)",7,False
34,4,913,936,"(0, 1)",1,False
34,4,936,959,"(0, 1)",1,False
34,4,959,981,"(-1, 1)",5,False
34,4,981,1004,"(0, 1)",1,False
34,4,1004,1027,"(0, 1)",1,False
34,4,1027,1050,"(0, 1)",1,False
34,4,1050,1072,"(-1, 1)",5,False
34,4,1072,1094,"(-1, 1)",5,False
34,4,1094,1117,"(0, 1)",1,False
34,4,1117,1140,"(0, 1)",1,False
34,4,1140,1163,"(0, 1)",1,False
34,4,1163,1186,"(0, 1)",1,False
34,4,1186,1185,"(-1, 0)",2,False
34,4,1185,1207,"(-1, 1)",5,False
34,4,1207,1206,"(-1, 0)",2,True
35,2,53,75,"(-1, 1)",5,False
35,2,75,98,"(0, 1)",1,False
35,2,98,121,"(0, 1)",1,False
35,2,121,145,"(1, 1)",7,False
35,2,145,168,"(0, 1)",1,False
35,2,168,169,"(1, 0)",0,False
35,2,169,170,"(1, 0)",0,False
35,2,170,171,"(1, 0)",0,False
35,2,171,193,"(-1, 1)",5,False
35,2,193,215,"(-1, 1)",5,False
35,2,215,238,"(0, 1)",1,False
35,2,238,261,"(0, 1)",1,False
35,2,261,284,"(0, 1)",1,False
35,2,284,307,"(0, 1)",1,False
35,2,307,330,"(0, 1)",1,False
35,2,330,353,"(0, 1)",1,False
35,2,353,376,"(0, 1)",1,False
35,2,376,399,"(0, 1)",1,False
35,2,399,423,"(1, 1)",7,False
35,2,423,446,"(0, 1)",1,False
35,2,446,470,"(1, 1)",7,False
35,2,470,494,"(1, 1)",7,False
35,2,494,517,"(0, 1)",1,False
35,2,517,540,"(0, 1)",1,False
35,2,540,563,"(0, 1)",1,False
35,2,563,587,"(1, 1)",7,False
35,2,587,611,"(1, 1)",7,False
35,2,611,610,"(-1, 0)",2,False
35,2,610,609,"(-1, 0)",2,False
35,2,609,608,"(-1, 0)",2,False
35,2,608,607,"(-1, 0)",2,False
35,2,607,606,"(-1, 0)",2,False
35,2,606,605,"(-1, 0)",2,False
35,2,605,604,"(-1, 0)",2,False
35,2,604,627,"(0, 1)",1,False
35,2,627,628,"(1, 0)",0,False
35,2,628,651,"(0, 1)",1,False
35,2,651,673,"(-1, 1)",5,False
35,2,673,696,"(0, 1)",1,False
35,2,696,720,"(1, 1)",7,False
35,2,720,744,"(1, 1)",7,False
35,2,744,745,"(1, 0)",0,False
35,2,745,723,"(1, -1)",6,False
35,2,723,724,"(1, 0)",0,False
35,2,724,748,"(1, 1)",7,False
35,2,748,749,"(1, 0)",0,False
35,2,749,771,"(-1, 1)",5,False
35,2,771,793,"(-1, 1)",5,False
35,2,793,792,"(-1, 0)",2,False
35,2,792,814,"(-1, 1)",5,False
35,2,814,837,"(0, 1)",1,False
35,2,837,859,"(-1, 1)",5,False
35,2,859,881,"(-1, 1)",5,False
35,2,881,903,"(-1, 1)",5,False
35,2,903,927,"(1, 1)",7,False
35,2,927,950,"(0, 1)",1,False
35,2,950,974,"(1, 1)",7,False
35,2,974,975,"(1, 0)",0,False
35,2,975,999,"(1, 1)",7,False
35,2,999,1022,"(0, 1)",1,False
35,2,1022,1021,"(-1, 0)",2,False
35,2,1021,1020,"(-1, 0)",2,False
35,2,1020,1019,"(-1, 0)",2,False
35,2,1019,1018,"(-1, 0)",2,False
35,2,1018,1042,"(1, 1)",7,False
35,2,1042,1065,"(0, 1)",1,False
35,2,1065,1066,"(1, 0)",0,False
35,2,1066,1090,"(1, 1)",7,False
35,2,1090,1091,"(1, 0)",0,False
35,2,1091,1115,"(1, 1)",7,False
35,2,1115,1139,"(1, 1)",7,False
35,2,1139,1161,"(-1, 1)",5,False
35,2,1161,1183,"(-1, 1)",5,False
35,2,1183,1206,"(0, 1)",1,True
36,7,51,74,"(0, 1)",1,False
36,7,74,97,"(0, 1)",1,False
36,7,97,120,"(0, 1)",1,False
36,7,120,143,"(0, 1)",1,False
36,7,143,166,"(0, 1)",1,False
36,7,166,189,"(0, 1)",1,False
36,7,189,212,"(0, 1)",1,False
36,7,212,235,"(0, 1)",1,False
36,7,235,258,"(0, 1)",1,False
36,7,258,282,"(1, 1)",7,False
36,7,282,305,"(0, 1)",1,False
36,7,305,328,"(0, 1)",1,False
36,7,328,351,"(0, 1)",1,False
36,7,351,374,"(0, 1)",1,False
36,7,374,397,"(0, 1)",1,False
36,7,397,419,"(-1, 1)",5,False
36,7,419,441,"(-1, 1)",5,False
36,7,441,464,"(0, 1)",1,False
36,7,464,487,"(0, 1)",1,False
36,7,487,511,"(1, 1)",7,False
36,7,511,535,"(1, 1)",7,False
36,7,535,558,"(0, 1)",1,False
36,7,558,581,"(0, 1)",1,False
36,7,581,605,"(1, 1)",7,False
36,7,605,604,"(-1, 0)",2,False
36,7,604,627,"(0, 1)",1,False
36,7,627,628,"(1, 0)",0,False
36,7,628,651,"(0, 1)",1,False
36,7,651,674,"(0, 1)",1,False
36,7,674,697,"(0, 1)",1,False
36,7,697,720,"(0, 1)",1,False
36,7,720,742,"(-1, 1)",5,False
36,7,742,765,"(0, 1)",1,False
36,7,765,787,"(-1, 1)",5,False
36,7,787,810,"(0, 1)",1,False
36,7,810,833,"(0, 1)",1,False
36,7,833,856,"(0, 1)",1,False
36,7,856,879,"(0, 1)",1,False
36,7,879,902,"(0, 1)",1,False
36,7,902,925,"(0, 1)",1,False
36,7,925,947,"(-1, 1)",5,False
36,7,947,970,"(0, 1)",1,False
36,7,970,994,"(1, 1)",7,False
36,7,994,1017,"(0, 1)",1,False
36,7,1017,1040,"(0, 1)",1,False
36,7,1040,1063,"(0, 1)",1,False
36,7,1063,1086,"(0, 1)",1,False
36,7,1086,1109,"(0, 1)",1,False
36,7,1109,1133,"(1, 1)",7,False
36,7,1133,1156,"(0, 1)",1,False
36,7,1156,1179,"(0, 1)",1,False
36,7,1179,1180,"(1, 0)",0,False
36,7,1180,1181,"(1, 0)",0,False
36,7,1181,1205,"(1, 1)",7,False
36,7,1205,1206,"(1, 0)",0,True
37,4,99,122,"(0, 1)",1,False
37,4,122,145,"(0, 1)",1,False
37,4,145,169,"(1, 1)",7,False
37,4,169,192,"(0, 1)",1,False
37,4,192,215,"(0, 1)",1,False
37,4,215,239,"(1, 1)",7,False
37,4,239,262,"(0, 1)",1,False
37,4,262,285,"(0, 1)",1,False
37,4,285,309,"(1, 1)",7,False
37,4,309,332,"(0, 1)",1,False
37,4,332,355,"(0, 1)",1,False
37,4,355,378,"(0, 1)",1,False
37,4,378,401,"(0, 1)",1,False
37,4,401,424,"(0, 1)",1,False
37,4,424,446,"(-1, 1)",5,False
37,4,446,469,"(0, 1)",1,False
37,4,469,491,"(-1, 1)",5,False
37,4,491,514,"(0, 1)",1,False
37,4,514,536,"(-1, 1)",5,False
37,4,536,559,"(0, 1)",1,False
37,4,559,582,"(0, 1)",1,False
37,4,582,605,"(0, 1)",1,False
37,4,605,604,"(-1, 0)",2,False
37,4,604,627,"(0, 1)",1,False
37,4,627,628,"(1, 0)",0,False
37,4,628,651,"(0, 1)",1,False
37,4,651,675,"(1, 1)",7,False
37,4,675,698,"(0, 1)",1,False
37,4,698,721,"(0, 1)",1,False
37,4,721,744,"(0, 1)",1,False
37,4,744,767,"(0, 1)",1,False
37,4,767,791,"(1, 1)",7,False
37,4,791,814,"(0, 1)",1,False
37,4,814,837,"(0, 1)",1,False
37,4,837,860,"(0, 1)",1,False
37,4,860,883,"(0, 1)",1,False
37,4,883,906,"(0, 1)",1,False
37,4,906,930,"(1, 1)",7,False
37,4,930,953,"(0, 1)",1,False
37,4,953,975,"(-1, 1)",5,False
37,4,975,998,"(0, 1)",1,False
37,4,998,1021,"(0, 1)",1,False
37,4,1021,1044,"(0, 1)",1,False
37,4,1044,1067,"(0, 1)",1,False
37,4,1067,1090,"(0, 1)",1,False
37,4,1090,1113,"(0, 1)",1,False
37,4,1113,1136,"(0, 1)",1,False
37,4,1136,1159,"(0, 1)",1,False
37,4,1159,1183,"(1, 1)",7,False
37,4,1183,1206,"(0, 1)",1,True
38,7,95,119,"(1, 1)",7,False
38,7,119,142,"(0, 1)",1,False
38,7,142,166,"(1, 1)",7,False
38,7,166,190,"(1, 1)",7,False
38,7,190,213,"(0, 1)",1,False
38,7,213,237,"(1, 1)",7,False
38,7,237,261,"(1, 1)",7,False
38,7,261,284,"(0, 1)",1,False
38,7,284,308,"(1, 1)",7,False
38,7,308,331,"(0, 1)",1,False
38,7,331,355,"(1, 1)",7,False
38,7,355,378,"(0, 1)",1,False
38,7,378,401,"(0, 1)",1,False
38,7,401,425,"(1, 1)",7,False
38,7,425,448,"(0, 1)",1,False
38,7,448,471,"(0, 1)",1,False
38,7,471,494,"(0, 1)",1,False
38,7,494,517,"(0, 1)",1,False
38,7,517,541,"(1, 1)",7,False
38,7,541,564,"(0, 1)",1,False
38,7,564,587,"(0, 1)",1,False
38,7,587,610,"(0, 1)",1,False
38,7,610,609,"(-1, 0)",2,False
38,7,609,608,"(-1, 0)",2,False
38,7,608,607,"(-1, 0)",2,False
38,7,607,606,"(-1, 0)",2,False
38,7,606,605,"(-1, 0)",2,False
38,7,605,604,"(-1, 0)",2,False
38,7,604,627,"(0, 1)",1,False
38,7,627,651,"(1, 1)",7,False
38,7,651,674,"(0, 1)",1,False
38,7,674,697,"(0, 1)",1,False
38,7,697,720,"(0, 1)",1,False
38,7,720,744,"(1, 1)",7,False
38,7,744,767,"(0, 1)",1,False
38,7,767,791,"(1, 1)",7,False
38,7,791,815,"(1, 1)",7,False
38,7,815,838,"(0, 1)",1,False
38,7,838,862,"(1, 1)",7,False
38,7,862,885,"(0, 1)",1,False
38,7,885,908,"(0, 1)",1,False
38,7,908,931,"(0, 1)",1,False
38,7,931,954,"(0, 1)",1,False
38,7,954,977,"(0, 1)",1,False
38,7,977,1000,"(0, 1)",1,False
38,7,1000,1024,"(1, 1)",7,False
38,7,1024,1047,"(0, 1)",1,False
38,7,1047,1070,"(0, 1)",1,False
38,7,1070,1093,"(0, 1)",1,False
38,7,1093,1117,"(1, 1)",7,False
38,7,1117,1140,"(0, 1)",1,False
38,7,1140,1163,"(0, 1)",1,False
38,7,1163,1186,"(0, 1)",1,False
38,7,1186,1209,"(0, 1)",1,False
38,7,1209,1208,"(-1, 0)",2,False
38,7,1208,1207,"(-1, 0)",2,False
38,7,1207,1206,"(-1, 0)",2,True
39,4,98,122,"(1, 1)",7,False
39,4,122,145,"(0, 1)",1,False
39,4,145,169,"(1, 1)",7,False
39,4,169,192,"(0, 1)",1,False
39,4,192,216,"(1, 1)",7,False
39,4,216,239,"(0, 1)",1,False
39,4,239,262,"(0, 1)",1,False
39,4,262,286,"(1, 1)",7,False
39,4,286,309,"(0, 1)",1,False
39,4,309,333,"(1, 1)",7,False
39,4,333,356,"(0, 1)",1,False
39,4,356,379,"(0, 1)",1,False
39,4,379,402,"(0, 1)",1,False
39,4,402,425,"(0, 1)",1,False
39,4,425,448,"(0, 1)",1,False
39,4,448,471,"(0, 1)",1,False
39,4,471,494,"(0, 1)",1,False
39,4,494,516,"(-1, 1)",5,False
39,4,516,539,"(0, 1)",1,False
39,4,539,561,"(-1, 1)",5,False
39,4,561,583,"(-1, 1)",5,False
39,4,583,605,"(-1, 1)",5,False
39,4,605,604,"(-1, 0)",2,False
39,4,604,627,"(0, 1)",1,False
39,4,627,651,"(1, 1)",7,False
39,4,651,673,"(-1, 1)",5,False
39,4,673,696,"(0, 1)",1,False
39,4,696,720,"(1, 1)",7,False
39,4,720,743,"(0, 1)",1,False
39,4,743,767,"(1, 1)",7,False
39,4,767,791,"(1, 1)",7,False
39,4,791,815,"(1, 1)",7,False
39,4,815,837,"(-1, 1)",5,False
39,4,837,860,"(0, 1)",1,False
39,4,860,884,"(1, 1)",7,False
39,4,884,907,"(0, 1)",1,False
39,4,907,929,"(-1, 1)",5,False
39,4,929,951,"(-1, 1)",5,False
39,4,951,950,"(-1, 0)",2,False
39,4,950,972,"(-1, 1)",5,False
39,4,972,995,"(0, 1)",1,False
39,4,995,1018,"(0, 1)",1,False
39,4,1018,1041,"(0, 1)",1,False
39,4,1041,1064,"(0, 1)",1,False
39,4,1064,1086,"(-1, 1)",5,False
39,4,1086,1085,"(-1, 0)",2,False
39,4,1085,1108,"(0, 1)",1,False
39,4,1108,1132,"(1, 1)",7,False
39,4,1132,1155,"(0, 1)",1,False
39,4,1155,1156,"(1, 0)",0,False
39,4,1156,1180,"(1, 1)",7,False
39,4,1180,1181,"(1, 0)",0,False
39,4,1181,1204,"(0, 1)",1,False
39,4,1204,1205,"(1, 0)",0,False
39,4,1205,1206,"(1, 0)",0,True
40,9,52,75,"(0, 1)",1,False
40,9,75,98,"(0, 1)",1,False
40,9,98,121,"(0, 1)",1,False
40,9,121,143,"(-1, 1)",5,False
40,9,143,166,"(0, 1)",1,False
40,9,166,189,"(0, 1)",1,False
40,9,189,212,"(0, 1)",1,False
40,9,212,236,"(1, 1)",7,False
40,9,236,259,"(0, 1)",1,False
40,9,259,281,"(-1, 1)",5,False
40,9,281,304,"(0, 1)",1,False
40,9,304,326,"(-1, 1)",5,False
40,9,326,349,"(0, 1)",1,False
40,9,349,372,"(0, 1)",1,False
40,9,372,395,"(0, 1)",1,False
40,9,395,418,"(0, 1)",1,False
40,9,418,441,"(0, 1)",1,False
40,9,441,465,"(1, 1)",7,False
40,9,465,489,"(1, 1)",7,False
40,9,489,512,"(0, 1)",1,False
40,9,512,535,"(0, 1)",1,False
40,9,535,558,"(0, 1)",1,False
40,9,558,581,"(0, 1)",1,False
40,9,581,604,"(0, 1)",1,False
40,9,604,627,"(0, 1)",1,False
40,9,627,650,"(0, 1)",1,False
40,9,650,673,"(0, 1)",1,False
40,9,673,696,"(0, 1)",1,False
40,9,696,719,"(0, 1)",1,False
40,9,719,742,"(0, 1)",1,False
40,9,742,765,"(0, 1)",1,False
40,9,765,788,"(0, 1)",1,False
40,9,788,810,"(-1, 1)",5,False
40,9,810,833,"(0, 1)",1,False
40,9,833,856,"(0, 1)",1,False
40,9,856,879,"(0, 1)",1,False
40,9,879,902,"(0, 1)",1,False
40,9,902,925,"(0, 1)",1,False
40,9,925,948,"(0, 1)",1,False
40,9,948,971,"(0, 1)",1,False
40,9,971,994,"(0, 1)",1,False
40,9,994,1017,"(0, 1)",1,False
40,9,1017,1040,"(0, 1)",1,False
40,9,1040,1063,"(0, 1)",1,False
40,9,1063,1086,"(0, 1)",1,False
40,9,1086,1109,"(0, 1)",1,False
40,9,1109,1132,"(0, 1)",1,False
40,9,1132,1155,"(0, 1)",1,False
40,9,1155,1178,"(0, 1)",1,False
40,9,1178,1179,"(1, 0)",0,False
40,9,1179,1180,"(1, 0)",0,False
40,9,1180,1181,"(1, 0)",0,False
40,9,1181,1205,"(1, 1)",7,False
40,9,1205,1206,"(1, 0)",0,True
41,4,54,77,"(0, 1)",1,False
41,4,77,100,"(0, 1)",1,False
41,4,100,123,"(0, 1)",1,False
41,4,123,147,"(1, 1)",7,False
41,4,147,170,"(0, 1)",1,False
41,4,170,194,"(1, 1)",7,False
41,4,194,217,"(0, 1)",1,False
41,4,217,241,"(1, 1)",7,False
41,4,241,265,"(1, 1)",7,False
41,4,265,289,"(1, 1)",7,False
41,4,289,313,"(1, 1)",7,False
41,4,313,337,"(1, 1)",7,False
41,4,337,360,"(0, 1)",1,False
41,4,360,383,"(0, 1)",1,False
41,4,383,406,"(0, 1)",1,False
41,4,406,429,"(0, 1)",1,False
41,4,429,452,"(0, 1)",1,False
41,4,452,475,"(0, 1)",1,False
41,4,475,498,"(0, 1)",1,False
41,4,498,522,"(1, 1)",7,False
41,4,522,545,"(0, 1)",1,False
41,4,545,568,"(0, 1)",1,False
41,4,568,591,"(0, 1)",1,False
41,4,591,614,"(0, 1)",1,False
41,4,614,613,"(-1, 0)",2,False
41,4,613,612,"(-1, 0)",2,False
41,4,612,611,"(-1, 0)",2,False
41,4,611,610,"(-1, 0)",2,False
41,4,610,609,"(-1, 0)",2,False
41,4,609,608,"(-1, 0)",2,False
41,4,608,607,"(-1, 0)",2,False
41,4,607,606,"(-1, 0)",2,False
41,4,606,605,"(-1, 0)",2,False
41,4,605,604,"(-1, 0)",2,False
41,4,604,627,"(0, 1)",1,False
41,4,627,628,"(1, 0)",0,False
41,4,628,629,"(1, 0)",0,False
41,4,629,630,"(1, 0)",0,False
41,4,630,631,"(1, 0)",0,False
41,4,631,632,"(1, 0)",0,False
41,4,632,633,"(1, 0)",0,False
41,4,633,634,"(1, 0)",0,False
41,4,634,635,"(1, 0)",0,False
41,4,635,636,"(1, 0)",0,False
41,4,636,637,"(1, 0)",0,False
41,4,637,636,"(-1, 0)",2,False
41,4,636,635,"(-1, 0)",2,False
41,4,635,634,"(-1, 0)",2,False
41,4,634,633,"(-1, 0)",2,False
41,4,633,632,"(-1, 0)",2,False
41,4,632,631,"(-1, 0)",2,False
41,4,631,653,"(-1, 1)",5,False
41,4,653,652,"(-1, 0)",2,False
41,4,652,651,"(-1, 0)",2,False
41,4,651,652,"(1, 0)",0,False
41,4,652,676,"(1, 1)",7,False
41,4,676,700,"(1, 1)",7,False
41,4,700,701,"(1, 0)",0,False
41,4,701,725,"(1, 1)",7,False
41,4,725,748,"(0, 1)",1,False
41,4,748,771,"(0, 1)",1,False
41,4,771,794,"(0, 1)",1,False
41,4,794,818,"(1, 1)",7,False
41,4,818,841,"(0, 1)",1,False
41,4,841,864,"(0, 1)",1,False
41,4,864,887,"(0, 1)",1,False
41,4,887,910,"(0, 1)",1,False
41,4,910,932,"(-1, 1)",5,False
41,4,932,955,"(0, 1)",1,False
41,4,955,978,"(0, 1)",1,False
41,4,978,1001,"(0, 1)",1,False
41,4,1001,1024,"(0, 1)",1,False
41,4,1024,1047,"(0, 1)",1,False
41,4,1047,1070,"(0, 1)",1,False
41,4,1070,1093,"(0, 1)",1,False
41,4,1093,1116,"(0, 1)",1,False
41,4,1116,1138,"(-1, 1)",5,False
41,4,1138,1161,"(0, 1)",1,False
41,4,1161,1183,"(-1, 1)",5,False
41,4,1183,1206,"(0, 1)",1,True
42,4,99,122,"(0, 1)",1,False
42,4,122,146,"(1, 1)",7,False
42,4,146,169,"(0, 1)",1,False
42,4,169,193,"(1, 1)",7,False
42,4,193,216,"(0, 1)",1,False
42,4,216,240,"(1, 1)",7,False
42,4,240,263,"(0, 1)",1,False
42,4,263,286,"(0, 1)",1,False
42,4,286,309,"(0, 1)",1,False
42,4,309,332,"(0, 1)",1,False
42,4,332,355,"(0, 1)",1,False
42,4,355,378,"(0, 1)",1,False
42,4,378,400,"(-1, 1)",5,False
42,4,400,423,"(0, 1)",1,False
42,4,423,446,"(0, 1)",1,False
42,4,446,469,"(0, 1)",1,False
42,4,469,492,"(0, 1)",1,False
42,4,492,516,"(1, 1)",7,False
42,4,516,540,"(1, 1)",7,False
42,4,540,541,"(1, 0)",0,False
42,4,541,564,"(0, 1)",1,False
42,4,564,587,"(0, 1)",1,False
42,4,587,610,"(0, 1)",1,False
42,4,610,609,"(-1, 0)",2,False
42,4,609,608,"(-1, 0)",2,False
42,4,608,607,"(-1, 0)",2,False
42,4,607,606,"(-1, 0)",2,False
42,4,606,605,"(-1, 0)",2,False
42,4,605,604,"(-1, 0)",2,False
42,4,604,627,"(0, 1)",1,False
42,4,627,628,"(1, 0)",0,False
42,4,628,629,"(1, 0)",0,False
42,4,629,630,"(1, 0)",0,False
42,4,630,631,"(1, 0)",0,False
42,4,631,632,"(1, 0)",0,False
42,4,632,633,"(1, 0)",0,False
42,4,633,632,"(-1, 0)",2,False
42,4,632,631,"(-1, 0)",2,False
42,4,631,630,"(-1, 0)",2,False
42,4,630,629,"(-1, 0)",2,False
42,4,629,628,"(-1, 0)",2,False
42,4,628,652,"(1, 1)",7,False
42,4,652,653,"(1, 0)",0,False
42,4,653,676,"(0, 1)",1,False
42,4,676,699,"(0, 1)",1,False
42,4,699,722,"(0, 1)",1,False
42,4,722,746,"(1, 1)",7,False
42,4,746,769,"(0, 1)",1,False
42,4,769,792,"(0, 1)",1,False
42,4,792,815,"(0, 1)",1,False
42,4,815,839,"(1, 1)",7,False
42,4,839,862,"(0, 1)",1,False
42,4,862,886,"(1, 1)",7,False
42,4,886,909,"(0, 1)",1,False
42,4,909,931,"(-1, 1)",5,False
42,4,931,954,"(0, 1)",1,False
42,4,954,976,"(-1, 1)",5,False
42,4,976,999,"(0, 1)",1,False
42,4,999,1022,"(0, 1)",1,False
42,4,1022,1044,"(-1, 1)",5,False
42,4,1044,1067,"(0, 1)",1,False
42,4,1067,1090,"(0, 1)",1,False
42,4,1090,1113,"(0, 1)",1,False
42,4,1113,1136,"(0, 1)",1,False
42,4,1136,1159,"(0, 1)",1,False
42,4,1159,1183,"(1, 1)",7,False
42,4,1183,1206,"(0, 1)",1,True
43,3,99,122,"(0, 1)",1,False
43,3,122,145,"(0, 1)",1,False
43,3,145,169,"(1, 1)",7,False
43,3,169,193,"(1, 1)",7,False
43,3,193,216,"(0, 1)",1,False
43,3,216,239,"(0, 1)",1,False
43,3,239,263,"(1, 1)",7,False
43,3,263,286,"(0, 1)",1,False
43,3,286,308,"(-1, 1)",5,False
43,3,308,307,"(-1, 0)",2,False
43,3,307,330,"(0, 1)",1,False
43,3,330,354,"(1, 1)",7,False
43,3,354,377,"(0, 1)",1,False
43,3,377,400,"(0, 1)",1,False
43,3,400,423,"(0, 1)",1,False
43,3,423,446,"(0, 1)",1,False
43,3,446,470,"(1, 1)",7,False
43,3,470,493,"(0, 1)",1,False
43,3,493,517,"(1, 1)",7,False
43,3,517,541,"(1, 1)",7,False
43,3,541,565,"(1, 1)",7,False
43,3,565,566,"(1, 0)",0,False
43,3,566,590,"(1, 1)",7,False
43,3,590,614,"(1, 1)",7,False
43,3,614,613,"(-1, 0)",2,False
43,3,613,612,"(-1, 0)",2,False
43,3,612,611,"(-1, 0)",2,False
43,3,611,610,"(-1, 0)",2,False
43,3,610,609,"(-1, 0)",2,False
43,3,609,608,"(-1, 0)",2,False
43,3,608,607,"(-1, 0)",2,False
43,3,607,606,"(-1, 0)",2,False
43,3,606,605,"(-1, 0)",2,False
43,3,605,604,"(-1, 0)",2,False
43,3,604,627,"(0, 1)",1,False
43,3,627,626,"(-1, 0)",2,False
43,3,626,650,"(1, 1)",7,False
43,3,650,674,"(1, 1)",7,False
43,3,674,698,"(1, 1)",7,False
43,3,698,722,"(1, 1)",7,False
43,3,722,723,"(1, 0)",0,False
43,3,723,747,"(1, 1)",7,False
43,3,747,748,"(1, 0)",0,False
43,3,748,772,"(1, 1)",7,False
43,3,772,796,"(1, 1)",7,False
43,3,796,819,"(0, 1)",1,False
43,3,819,842,"(0, 1)",1,False
43,3,842,865,"(0, 1)",1,False
43,3,865,887,"(-1, 1)",5,False
43,3,887,910,"(0, 1)",1,False
43,3,910,933,"(0, 1)",1,False
43,3,933,955,"(-1, 1)",5,False
43,3,955,978,"(0, 1)",1,False
43,3,978,1001,"(0, 1)",1,False
43,3,1001,1023,"(-1, 1)",5,False
43,3,1023,1046,"(0, 1)",1,False
43,3,1046,1069,"(0, 1)",1,False
43,3,1069,1091,"(-1, 1)",5,False
43,3,1091,1114,"(0, 1)",1,False
43,3,1114,1136,"(-1, 1)",5,False
43,3,1136,1159,"(0, 1)",1,False
43,3,1159,1181,"(-1, 1)",5,False
43,3,1181,1205,"(1, 1)",7,False
43,3,1205,1206,"(1, 0)",0,True
44,6,53,76,"(0, 1)",1,False
44,6,76,99,"(0, 1)",1,False
44,6,99,122,"(0, 1)",1,False
44,6,122,146,"(1, 1)",7,False
44,6,146,169,"(0, 1)",1,False
44,6,169,192,"(0, 1)",1,False
44,6,192,215,"(0, 1)",1,False
44,6,215,238,"(0, 1)",1,False
44,6,238,261,"(0, 1)",1,False
44,6,261,283,"(-1, 1)",5,False
44,6,283,305,"(-1, 1)",5,False
44,6,305,328,"(0, 1)",1,False
44,6,328,351,"(0, 1)",1,False
44,6,351,374,"(0, 1)",1,False
44,6,374,397,"(0, 1)",1,False
44,6,397,420,"(0, 1)",1,False
44,6,420,443,"(0, 1)",1,False
44,6,443,466,"(0, 1)",1,False
44,6,466,489,"(0, 1)",1,False
44,6,489,512,"(0, 1)",1,False
44,6,512,535,"(0, 1)",1,False
44,6,535,558,"(0, 1)",1,False
44,6,558,581,"(0, 1)",1,False
44,6,581,604,"(0, 1)",1,False
44,6,604,627,"(0, 1)",1,False
44,6,627,651,"(1, 1)",7,False
44,6,651,674,"(0, 1)",1,False
44,6,674,697,"(0, 1)",1,False
44,6,697,720,"(0, 1)",1,False
44,6,720,743,"(0, 1)",1,False
44,6,743,766,"(0, 1)",1,False
44,6,766,789,"(0, 1)",1,False
44,6,789,812,"(0, 1)",1,False
44,6,812,835,"(0, 1)",1,False
44,6,835,857,"(-1, 1)",5,False
44,6,857,880,"(0, 1)",1,False
44,6,880,903,"(0, 1)",1,False
44,6,903,927,"(1, 1)",7,False
44,6,927,950,"(0, 1)",1,False
44,6,950,974,"(1, 1)",7,False
44,6,974,997,"(0, 1)",1,False
44,6,997,1019,"(-1, 1)",5,False
44,6,1019,1042,"(0, 1)",1,False
44,6,1042,1065,"(0, 1)",1,False
44,6,1065,1088,"(0, 1)",1,False
44,6,1088,1111,"(0, 1)",1,False
44,6,1111,1134,"(0, 1)",1,False
44,6,1134,1157,"(0, 1)",1,False
44,6,1157,1180,"(0, 1)",1,False
44,6,1180,1181,"(1, 0)",0,False
44,6,1181,1205,"(1, 1)",7,False
44,6,1205,1206,"(1, 0)",0,True
45,3,76,100,"(1, 1)",7,False
45,3,100,123,"(0, 1)",1,False
45,3,123,146,"(0, 1)",1,False
45,3,146,169,"(0, 1)",1,False
45,3,169,192,"(0, 1)",1,False
45,3,192,216,"(1, 1)",7,False
45,3,216,240,"(1, 1)",7,False
45,3,240,263,"(0, 1)",1,False
45,3,263,287,"(1, 1)",7,False
45,3,287,310,"(0, 1)",1,False
45,3,310,333,"(0, 1)",1,False
45,3,333,357,"(1, 1)",7,False
45,3,357,380,"(0, 1)",1,False
45,3,380,403,"(0, 1)",1,False
45,3,403,426,"(0, 1)",1,False
45,3,426,450,"(1, 1)",7,False
45,3,450,473,"(0, 1)",1,False
45,3,473,497,"(1, 1)",7,False
45,3,497,521,"(1, 1)",7,False
45,3,521,545,"(1, 1)",7,False
45,3,545,569,"(1, 1)",7,False
45,3,569,592,"(0, 1)",1,False
45,3,592,591,"(-1, 0)",2,False
45,3,591,590,"(-1, 0)",2,False
45,3,590,589,"(-1, 0)",2,False
45,3,589,611,"(-1, 1)",5,False
45,3,611,610,"(-1, 0)",2,False
45,3,610,609,"(-1, 0)",2,False
45,3,609,608,"(-1, 0)",2,False
45,3,608,607,"(-1, 0)",2,False
45,3,607,606,"(-1, 0)",2,False
45,3,606,605,"(-1, 0)",2,False
45,3,605,604,"(-1, 0)",2,False
45,3,604,627,"(0, 1)",1,False
45,3,627,626,"(-1, 0)",2,False
45,3,626,627,"(1, 0)",0,False
45,3,627,651,"(1, 1)",7,False
45,3,651,652,"(1, 0)",0,False
45,3,652,676,"(1, 1)",7,False
45,3,676,699,"(0, 1)",1,False
45,3,699,723,"(1, 1)",7,False
45,3,723,747,"(1, 1)",7,False
45,3,747,770,"(0, 1)",1,False
45,3,770,793,"(0, 1)",1,False
45,3,793,817,"(1, 1)",7,False
45,3,817,840,"(0, 1)",1,False
45,3,840,863,"(0, 1)",1,False
45,3,863,886,"(0, 1)",1,False
45,3,886,909,"(0, 1)",1,False
45,3,909,932,"(0, 1)",1,False
45,3,932,955,"(0, 1)",1,False
45,3,955,979,"(1, 1)",7,False
45,3,979,1002,"(0, 1)",1,False
45,3,1002,1024,"(-1, 1)",5,False
45,3,1024,1047,"(0, 1)",1,False
45,3,1047,1070,"(0, 1)",1,False
45,3,1070,1093,"(0, 1)",1,False
45,3,1093,1116,"(0, 1)",1,False
45,3,1116,1139,"(0, 1)",1,False
45,3,1139,1161,"(-1, 1)",5,False
45,3,1161,1183,"(-1, 1)",5,False
45,3,1183,1206,"(0, 1)",1,True
46,3,75,98,"(0, 1)",1,False
46,3,98,122,"(1, 1)",7,False
46,3,122,145,"(0, 1)",1,False
46,3,145,168,"(0, 1)",1,False
46,3,168,190,"(-1, 1)",5,False
46,3,190,213,"(0, 1)",1,False
46,3,213,237,"(1, 1)",7,False
46,3,237,260,"(0, 1)",1,False
46,3,260,284,"(1, 1)",7,False
46,3,284,308,"(1, 1)",7,False
46,3,308,332,"(1, 1)",7,False
46,3,332,355,"(0, 1)",1,False
46,3,355,378,"(0, 1)",1,False
46,3,378,402,"(1, 1)",7,False
46,3,402,425,"(0, 1)",1,False
46,3,425,448,"(0, 1)",1,False
46,3,448,471,"(0, 1)",1,False
46,3,471,493,"(-1, 1)",5,False
46,3,493,516,"(0, 1)",1,False
46,3,516,540,"(1, 1)",7,False
46,3,540,564,"(1, 1)",7,False
46,3,564,587,"(0, 1)",1,False
46,3,587,586,"(-1, 0)",2,False
46,3,586,585,"(-1, 0)",2,False
46,3,585,584,"(-1, 0)",2,False
46,3,584,606,"(-1, 1)",5,False
46,3,606,605,"(-1, 0)",2,False
46,3,605,604,"(-1, 0)",2,False
46,3,604,627,"(0, 1)",1,False
46,3,627,628,"(1, 0)",0,False
46,3,628,629,"(1, 0)",0,False
46,3,629,628,"(-1, 0)",2,False
46,3,628,627,"(-1, 0)",2,False
46,3,627,626,"(-1, 0)",2,False
46,3,626,649,"(0, 1)",1,False
46,3,649,672,"(0, 1)",1,False
46,3,672,696,"(1, 1)",7,False
46,3,696,719,"(0, 1)",1,False
46,3,719,743,"(1, 1)",7,False
46,3,743,767,"(1, 1)",7,False
46,3,767,791,"(1, 1)",7,False
46,3,791,814,"(0, 1)",1,False
46,3,814,837,"(0, 1)",1,False
46,3,837,860,"(0, 1)",1,False
46,3,860,883,"(0, 1)",1,False
46,3,883,906,"(0, 1)",1,False
46,3,906,929,"(0, 1)",1,False
46,3,929,953,"(1, 1)",7,False
46,3,953,976,"(0, 1)",1,False
46,3,976,998,"(-1, 1)",5,False
46,3,998,997,"(-1, 0)",2,False
46,3,997,1019,"(-1, 1)",5,False
46,3,1019,1018,"(-1, 0)",2,False
46,3,1018,1041,"(0, 1)",1,False
46,3,1041,1065,"(1, 1)",7,False
46,3,1065,1088,"(0, 1)",1,False
46,3,1088,1112,"(1, 1)",7,False
46,3,1112,1113,"(1, 0)",0,False
46,3,1113,1136,"(0, 1)",1,False
46,3,1136,1159,"(0, 1)",1,False
46,3,1159,1183,"(1, 1)",7,False
46,3,1183,1206,"(0, 1)",1,True
47,1,52,76,"(1, 1)",7,False
47,1,76,100,"(1, 1)",7,False
47,1,100,123,"(0, 1)",1,False
47,1,123,147,"(1, 1)",7,False
47,1,147,170,"(0, 1)",1,False
47,1,170,193,"(0, 1)",1,False
47,1,193,216,"(0, 1)",1,False
47,1,216,239,"(0, 1)",1,False
47,1,239,262,"(0, 1)",1,False
47,1,262,285,"(0, 1)",1,False
47,1,285,309,"(1, 1)",7,False
47,1,309,332,"(0, 1)",1,False
47,1,332,354,"(-1, 1)",5,False
47,1,354,377,"(0, 1)",1,False
47,1,377,400,"(0, 1)",1,False
47,1,400,424,"(1, 1)",7,False
47,1,424,447,"(0, 1)",1,False
47,1,447,470,"(0, 1)",1,False
47,1,470,494,"(1, 1)",7,False
47,1,494,517,"(0, 1)",1,False
47,1,517,540,"(0, 1)",1,False
47,1,540,563,"(0, 1)",1,False
47,1,563,585,"(-1, 1)",5,False
47,1,585,608,"(0, 1)",1,False
47,1,608,607,"(-1, 0)",2,False
47,1,607,606,"(-1, 0)",2,False
47,1,606,605,"(-1, 0)",2,False
47,1,605,604,"(-1, 0)",2,False
47,1,604,627,"(0, 1)",1,False
47,1,627,650,"(0, 1)",1,False
47,1,650,673,"(0, 1)",1,False
47,1,673,696,"(0, 1)",1,False
47,1,696,720,"(1, 1)",7,False
47,1,720,743,"(0, 1)",1,False
47,1,743,767,"(1, 1)",7,False
47,1,767,790,"(0, 1)",1,False
47,1,790,814,"(1, 1)",7,False
47,1,814,837,"(0, 1)",1,False
47,1,837,860,"(0, 1)",1,False
47,1,860,883,"(0, 1)",1,False
47,1,883,906,"(0, 1)",1,False
47,1,906,929,"(0, 1)",1,False
47,1,929,952,"(0, 1)",1,False
47,1,952,975,"(0, 1)",1,False
47,1,975,998,"(0, 1)",1,False
47,1,998,1022,"(1, 1)",7,False
47,1,1022,1045,"(0, 1)",1,False
47,1,1045,1068,"(0, 1)",1,False
47,1,1068,1090,"(-1, 1)",5,False
47,1,1090,1113,"(0, 1)",1,False
47,1,1113,1136,"(0, 1)",1,False
47,1,1136,1159,"(0, 1)",1,False
47,1,1159,1182,"(0, 1)",1,False
47,1,1182,1206,"(1, 1)",7,True
48,3,75,99,"(1, 1)",7,False
48,3,99,122,"(0, 1)",1,False
48,3,122,146,"(1, 1)",7,False
48,3,146,147,"(1, 0)",0,False
48,3,147,171,"(1, 1)",7,False
48,3,171,172,"(1, 0)",0,False
48,3,172,196,"(1, 1)",7,False
48,3,196,219,"(0, 1)",1,False
48,3,219,242,"(0, 1)",1,False
48,3,242,266,"(1, 1)",7,False
48,3,266,289,"(0, 1)",1,False
48,3,289,312,"(0, 1)",1,False
48,3,312,336,"(1, 1)",7,False
48,3,336,359,"(0, 1)",1,False
48,3,359,382,"(0, 1)",1,False
48,3,382,405,"(0, 1)",1,False
48,3,405,428,"(0, 1)",1,False
48,3,428,451,"(0, 1)",1,False
48,3,451,474,"(0, 1)",1,False
48,3,474,497,"(0, 1)",1,False
48,3,497,520,"(0, 1)",1,False
48,3,520,543,"(0, 1)",1,False
48,3,543,566,"(0, 1)",1,False
48,3,566,589,"(0, 1)",1,False
48,3,589,612,"(0, 1)",1,False
48,3,612,611,"(-1, 0)",2,False
48,3,611,610,"(-1, 0)",2,False
48,3,610,609,"(-1, 0)",2,False
48,3,609,608,"(-1, 0)",2,False
48,3,608,607,"(-1, 0)",2,False
48,3,607,606,"(-1, 0)",2,False
48,3,606,605,"(-1, 0)",2,False
48,3,605,604,"(-1, 0)",2,False
48,3,604,627,"(0, 1)",1,False
48,3,627,650,"(0, 1)",1,False
48,3,650,674,"(1, 1)",7,False
48,3,674,698,"(1, 1)",7,False
48,3,698,699,"(1, 0)",0,False
48,3,699,723,"(1, 1)",7,False
48,3,723,747,"(1, 1)",7,False
48,3,747,771,"(1, 1)",7,False
48,3,771,795,"(1, 1)",7,False
48,3,795,819,"(1, 1)",7,False
48,3,819,843,"(1, 1)",7,False
48,3,843,867,"(1, 1)",7,False
48,3,867,890,"(0, 1)",1,False
48,3,890,913,"(0, 1)",1,False
48,3,913,936,"(0, 1)",1,False
48,3,936,959,"(0, 1)",1,False
48,3,959,981,"(-1, 1)",5,False
48,3,981,1004,"(0, 1)",1,False
48,3,1004,1027,"(0, 1)",1,False
48,3,1027,1049,"(-1, 1)",5,False
48,3,1049,1072,"(0, 1)",1,False
48,3,1072,1095,"(0, 1)",1,False
48,3,1095,1117,"(-1, 1)",5,False
48,3,1117,1140,"(0, 1)",1,False
48,3,1140,1162,"(-1, 1)",5,False
48,3,1162,1184,"(-1, 1)",5,False
48,3,1184,1207,"(0, 1)",1,False
48,3,1207,1206,"(-1, 0)",2,True
49,1,75,97,"(-1, 1)",5,False
49,1,97,120,"(0, 1)",1,False
49,1,120,142,"(-1, 1)",5,False
49,1,142,164,"(-1, 1)",5,False
49,1,164,187,"(0, 1)",1,False
49,1,187,211,"(1, 1)",7,False
49,1,211,234,"(0, 1)",1,False
49,1,234,258,"(1, 1)",7,False
49,1,258,281,"(0, 1)",1,False
49,1,281,282,"(1, 0)",0,False
49,1,282,306,"(1, 1)",7,False
49,1,306,307,"(1, 0)",0,False
49,1,307,331,"(1, 1)",7,False
49,1,331,332,"(1, 0)",0,False
49,1,332,356,"(1, 1)",7,False
49,1,356,379,"(0, 1)",1,False
49,1,379,402,"(0, 1)",1,False
49,1,402,425,"(0, 1)",1,False
49,1,425,448,"(0, 1)",1,False
49,1,448,471,"(0, 1)",1,False
49,1,471,495,"(1, 1)",7,False
49,1,495,518,"(0, 1)",1,False
49,1,518,541,"(0, 1)",1,False
49,1,541,564,"(0, 1)",1,False
49,1,564,587,"(0, 1)",1,False
49,1,587,610,"(0, 1)",1,False
49,1,610,609,"(-1, 0)",2,False
49,1,609,608,"(-1, 0)",2,False
49,1,608,607,"(-1, 0)",2,False
49,1,607,606,"(-1, 0)",2,False
49,1,606,605,"(-1, 0)",2,False
49,1,605,604,"(-1, 0)",2,False
49,1,604,627,"(0, 1)",1,False
49,1,627,628,"(1, 0)",0,False
49,1,628,629,"(1, 0)",0,False
49,1,629,630,"(1, 0)",0,False
49,1,630,631,"(1, 0)",0,False
49,1,631,632,"(1, 0)",0,False
49,1,632,633,"(1, 0)",0,False
49,1,633,632,"(-1, 0)",2,False
49,1,632,631,"(-1, 0)",2,False
49,1,631,630,"(-1, 0)",2,False
49,1,630,629,"(-1, 0)",2,False
49,1,629,628,"(-1, 0)",2,False
49,1,628,627,"(-1, 0)",2,False
49,1,627,626,"(-1, 0)",2,False
49,1,626,649,"(0, 1)",1,False
49,1,649,672,"(0, 1)",1,False
49,1,672,696,"(1, 1)",7,False
49,1,696,719,"(0, 1)",1,False
49,1,719,743,"(1, 1)",7,False
49,1,743,766,"(0, 1)",1,False
49,1,766,789,"(0, 1)",1,False
49,1,789,813,"(1, 1)",7,False
49,1,813,814,"(1, 0)",0,False
49,1,814,838,"(1, 1)",7,False
49,1,838,862,"(1, 1)",7,False
49,1,862,886,"(1, 1)",7,False
49,1,886,887,"(1, 0)",0,False
49,1,887,910,"(0, 1)",1,False
49,1,910,933,"(0, 1)",1,False
49,1,933,956,"(0, 1)",1,False
49,1,956,979,"(0, 1)",1,False
49,1,979,1002,"(0, 1)",1,False
49,1,1002,1024,"(-1, 1)",5,False
49,1,1024,1047,"(0, 1)",1,False
49,1,1047,1069,"(-1, 1)",5,False
49,1,1069,1091,"(-1, 1)",5,False
49,1,1091,1114,"(0, 1)",1,False
49,1,1114,1137,"(0, 1)",1,False
49,1,1137,1160,"(0, 1)",1,False
49,1,1160,1183,"(0, 1)",1,False
49,1,1183,1206,"(0, 1)",1,True
50,1,77,100,"(0, 1)",1,False
50,1,100,123,"(0, 1)",1,False
50,1,123,147,"(1, 1)",7,False
50,1,147,171,"(1, 1)",7,False
50,1,171,194,"(0, 1)",1,False
50,1,194,217,"(0, 1)",1,False
50,1,217,240,"(0, 1)",1,False
50,1,240,263,"(0, 1)",1,False
50,1,263,286,"(0, 1)",1,False
50,1,286,310,"(1, 1)",7,False
50,1,310,333,"(0, 1)",1,False
50,1,333,356,"(0, 1)",1,False
50,1,356,379,"(0, 1)",1,False
50,1,379,402,"(0, 1)",1,False
50,1,402,425,"(0, 1)",1,False
50,1,425,448,"(0, 1)",1,False
50,1,448,471,"(0, 1)",1,False
50,1,471,493,"(-1, 1)",5,False
50,1,493,516,"(0, 1)",1,False
50,1,516,539,"(0, 1)",1,False
50,1,539,562,"(0, 1)",1,False
50,1,562,586,"(1, 1)",7,False
50,1,586,609,"(0, 1)",1,False
50,1,609,608,"(-1, 0)",2,False
50,1,608,607,"(-1, 0)",2,False
50,1,607,606,"(-1, 0)",2,False
50,1,606,605,"(-1, 0)",2,False
50,1,605,604,"(-1, 0)",2,False
50,1,604,627,"(0, 1)",1,False
50,1,627,626,"(-1, 0)",2,False
50,1,626,650,"(1, 1)",7,False
50,1,650,673,"(0, 1)",1,False
50,1,673,695,"(-1, 1)",5,False
50,1,695,694,"(-1, 0)",2,False
50,1,694,718,"(1, 1)",7,False
50,1,718,719,"(1, 0)",0,False
50,1,719,742,"(0, 1)",1,False
50,1,742,765,"(0, 1)",1,False
50,1,765,787,"(-1, 1)",5,False
50,1,787,810,"(0, 1)",1,False
50,1,810,811,"(1, 0)",0,False
50,1,811,812,"(1, 0)",0,False
50,1,812,835,"(0, 1)",1,False
50,1,835,858,"(0, 1)",1,False
50,1,858,881,"(0, 1)",1,False
50,1,881,903,"(-1, 1)",5,False
50,1,903,925,"(-1, 1)",5,False
50,1,925,949,"(1, 1)",7,False
50,1,949,973,"(1, 1)",7,False
50,1,973,996,"(0, 1)",1,False
50,1,996,1019,"(0, 1)",1,False
50,1,1019,1042,"(0, 1)",1,False
50,1,1042,1065,"(0, 1)",1,False
50,1,1065,1087,"(-1, 1)",5,False
50,1,1087,1110,"(0, 1)",1,False
50,1,1110,1133,"(0, 1)",1,False
50,1,1133,1156,"(0, 1)",1,False
50,1,1156,1179,"(0, 1)",1,False
50,1,1179,1202,"(0, 1)",1,False
50,1,1202,1203,"(1, 0)",0,False
50,1,1203,1204,"(1, 0)",0,False
50,1,1204,1205,"(1, 0)",0,False
50,1,1205,1206,"(1, 0)",0,True
51,3,52,75,"(0, 1)",1,False
51,3,75,99,"(1, 1)",7,False
51,3,99,122,"(0, 1)",1,False
51,3,122,145,"(0, 1)",1,False
51,3,145,169,"(1, 1)",7,False
51,3,169,192,"(0, 1)",1,False
51,3,192,215,"(0, 1)",1,False
51,3,215,239,"(1, 1)",7,False
51,3,239,262,"(0, 1)",1,False
51,3,262,285,"(0, 1)",1,False
51,3,285,308,"(0, 1)",1,False
51,3,308,331,"(0, 1)",1,False
51,3,331,354,"(0, 1)",1,False
51,3,354,376,"(-1, 1)",5,False
51,3,376,399,"(0, 1)",1,False
51,3,399,422,"(0, 1)",1,False
51,3,422,445,"(0, 1)",1,False
51,3,445,468,"(0, 1)",1,False
51,3,468,491,"(0, 1)",1,False
51,3,491,514,"(0, 1)",1,False
51,3,514,537,"(0, 1)",1,False
51,3,537,560,"(0, 1)",1,False
51,3,560,582,"(-1, 1)",5,False
51,3,582,605,"(0, 1)",1,False
51,3,605,604,"(-1, 0)",2,False
51,3,604,627,"(0, 1)",1,False
51,3,627,651,"(1, 1)",7,False
51,3,651,674,"(0, 1)",1,False
51,3,674,697,"(0, 1)",1,False
51,3,697,720,"(0, 1)",1,False
51,3,720,743,"(0, 1)",1,False
51,3,743,766,"(0, 1)",1,False
51,3,766,789,"(0, 1)",1,False
51,3,789,812,"(0, 1)",1,False
51,3,812,835,"(0, 1)",1,False
51,3,835,858,"(0, 1)",1,False
51,3,858,881,"(0, 1)",1,False
51,3,881,904,"(0, 1)",1,False
51,3,904,927,"(0, 1)",1,False
51,3,927,950,"(0, 1)",1,False
51,3,950,973,"(0, 1)",1,False
51,3,973,996,"(0, 1)",1,False
51,3,996,1019,"(0, 1)",1,False
51,3,1019,1042,"(0, 1)",1,False
51,3,1042,1065,"(0, 1)",1,False
51,3,1065,1088,"(0, 1)",1,False
51,3,1088,1111,"(0, 1)",1,False
51,3,1111,1135,"(1, 1)",7,False
51,3,1135,1158,"(0, 1)",1,False
51,3,1158,1182,"(1, 1)",7,False
51,3,1182,1206,"(1, 1)",7,True
52,1,99,123,"(1, 1)",7,False
52,1,123,146,"(0, 1)",1,False
52,1,146,169,"(0, 1)",1,False
52,1,169,193,"(1, 1)",7,False
52,1,193,216,"(0, 1)",1,False
52,1,216,239,"(0, 1)",1,False
52,1,239,262,"(0, 1)",1,False
52,1,262,285,"(0, 1)",1,False
52,1,285,308,"(0, 1)",1,False
52,1,308,332,"(1, 1)",7,False
52,1,332,355,"(0, 1)",1,False
52,1,355,378,"(0, 1)",1,False
52,1,378,401,"(0, 1)",1,False
52,1,401,424,"(0, 1)",1,False
52,1,424,447,"(0, 1)",1,False
52,1,447,470,"(0, 1)",1,False
52,1,470,493,"(0, 1)",1,False
52,1,493,516,"(0, 1)",1,False
52,1,516,539,"(0, 1)",1,False
52,1,539,562,"(0, 1)",1,False
52,1,562,585,"(0, 1)",1,False
52,1,585,608,"(0, 1)",1,False
52,1,608,607,"(-1, 0)",2,False
52,1,607,606,"(-1, 0)",2,False
52,1,606,605,"(-1, 0)",2,False
52,1,605,604,"(-1, 0)",2,False
52,1,604,627,"(0, 1)",1,False
52,1,627,626,"(-1, 0)",2,False
52,1,626,649,"(0, 1)",1,False
52,1,649,672,"(0, 1)",1,False
52,1,672,696,"(1, 1)",7,False
52,1,696,720,"(1, 1)",7,False
52,1,720,721,"(1, 0)",0,False
52,1,721,745,"(1, 1)",7,False
52,1,745,769,"(1, 1)",7,False
52,1,769,792,"(0, 1)",1,False
52,1,792,815,"(0, 1)",1,False
52,1,815,838,"(0, 1)",1,False
52,1,838,861,"(0, 1)",1,False
52,1,861,884,"(0, 1)",1,False
52,1,884,907,"(0, 1)",1,False
52,1,907,930,"(0, 1)",1,False
52,1,930,954,"(1, 1)",7,False
52,1,954,977,"(0, 1)",1,False
52,1,977,1000,"(0, 1)",1,False
52,1,1000,1023,"(0, 1)",1,False
52,1,1023,1045,"(-1, 1)",5,False
52,1,1045,1068,"(0, 1)",1,False
52,1,1068,1091,"(0, 1)",1,False
52,1,1091,1114,"(0, 1)",1,False
52,1,1114,1137,"(0, 1)",1,False
52,1,1137,1160,"(0, 1)",1,False
52,1,1160,1183,"(0, 1)",1,False
52,1,1183,1206,"(0, 1)",1,True
53,15,76,100,"(1, 1)",7,False
53,15,100,124,"(1, 1)",7,False
53,15,124,147,"(0, 1)",1,False
53,15,147,170,"(0, 1)",1,False
53,15,170,193,"(0, 1)",1,False
53,15,193,217,"(1, 1)",7,False
53,15,217,241,"(1, 1)",7,False
53,15,241,264,"(0, 1)",1,False
53,15,264,287,"(0, 1)",1,False
53,15,287,310,"(0, 1)",1,False
53,15,310,334,"(1, 1)",7,False
53,15,334,358,"(1, 1)",7,False
53,15,358,382,"(1, 1)",7,False
53,15,382,405,"(0, 1)",1,False
53,15,405,428,"(0, 1)",1,False
53,15,428,452,"(1, 1)",7,False
53,15,452,475,"(0, 1)",1,False
53,15,475,499,"(1, 1)",7,False
53,15,499,523,"(1, 1)",7,False
53,15,523,546,"(0, 1)",1,False
53,15,546,569,"(0, 1)",1,False
53,15,569,593,"(1, 1)",7,False
53,15,593,616,"(0, 1)",1,False
53,15,616,615,"(-1, 0)",2,False
53,15,615,614,"(-1, 0)",2,False
53,15,614,613,"(-1, 0)",2,False
53,15,613,612,"(-1, 0)",2,False
53,15,612,611,"(-1, 0)",2,False
53,15,611,610,"(-1, 0)",2,False
53,15,610,609,"(-1, 0)",2,False
53,15,609,608,"(-1, 0)",2,False
53,15,608,607,"(-1, 0)",2,False
53,15,607,606,"(-1, 0)",2,False
53,15,606,605,"(-1, 0)",2,False
53,15,605,604,"(-1, 0)",2,False
53,15,604,627,"(0, 1)",1,False
53,15,627,628,"(1, 0)",0,False
53,15,628,629,"(1, 0)",0,False
53,15,629,630,"(1, 0)",0,False
53,15,630,631,"(1, 0)",0,False
53,15,631,632,"(1, 0)",0,False
53,15,632,633,"(1, 0)",0,False
53,15,633,634,"(1, 0)",0,False
53,15,634,635,"(1, 0)",0,False
53,15,635,659,"(1, 1)",7,False
53,15,659,660,"(1, 0)",0,False
53,15,660,684,"(1, 1)",7,False
53,15,684,685,"(1, 0)",0,False
53,15,685,708,"(0, 1)",1,False
53,15,708,731,"(0, 1)",1,False
53,15,731,754,"(0, 1)",1,False
53,15,754,776,"(-1, 1)",5,False
53,15,776,798,"(-1, 1)",5,False
53,15,798,821,"(0, 1)",1,False
53,15,821,844,"(0, 1)",1,False
53,15,844,866,"(-1, 1)",5,False
53,15,866,889,"(0, 1)",1,False
53,15,889,912,"(0, 1)",1,False
53,15,912,934,"(-1, 1)",5,False
53,15,934,957,"(0, 1)",1,False
53,15,957,980,"(0, 1)",1,False
53,15,980,1003,"(0, 1)",1,False
53,15,1003,1025,"(-1, 1)",5,False
53,15,1025,1048,"(0, 1)",1,False
53,15,1048,1071,"(0, 1)",1,False
53,15,1071,1093,"(-1, 1)",5,False
53,15,1093,1116,"(0, 1)",1,False
53,15,1116,1139,"(0, 1)",1,False
53,15,1139,1162,"(0, 1)",1,False
53,15,1162,1185,"(0, 1)",1,False
53,15,1185,1207,"(-1, 1)",5,False
53,15,1207,1206,"(-1, 0)",2,True
54,6,52,75,"(0, 1)",1,False
54,6,75,98,"(0, 1)",1,False
54,6,98,121,"(0, 1)",1,False
54,6,121,144,"(0, 1)",1,False
54,6,144,167,"(0, 1)",1,False
54,6,167,190,"(0, 1)",1,False
54,6,190,213,"(0, 1)",1,False
54,6,213,236,"(0, 1)",1,False
54,6,236,259,"(0, 1)",1,False
54,6,259,282,"(0, 1)",1,False
54,6,282,305,"(0, 1)",1,False
54,6,305,329,"(1, 1)",7,False
54,6,329,352,"(0, 1)",1,False
54,6,352,375,"(0, 1)",1,False
54,6,375,398,"(0, 1)",1,False
54,6,398,421,"(0, 1)",1,False
54,6,421,444,"(0, 1)",1,False
54,6,444,467,"(0, 1)",1,False
54,6,467,489,"(-1, 1)",5,False
54,6,489,512,"(0, 1)",1,False
54,6,512,535,"(0, 1)",1,False
54,6,535,559,"(1, 1)",7,False
54,6,559,582,"(0, 1)",1,False
54,6,582,605,"(0, 1)",1,False
54,6,605,604,"(-1, 0)",2,False
54,6,604,627,"(0, 1)",1,False
54,6,627,651,"(1, 1)",7,False
54,6,651,674,"(0, 1)",1,False
54,6,674,697,"(0, 1)",1,False
54,6,697,720,"(0, 1)",1,False
54,6,720,743,"(0, 1)",1,False
54,6,743,766,"(0, 1)",1,False
54,6,766,789,"(0, 1)",1,False
54,6,789,812,"(0, 1)",1,False
54,6,812,835,"(0, 1)",1,False
54,6,835,859,"(1, 1)",7,False
54,6,859,882,"(0, 1)",1,False
54,6,882,906,"(1, 1)",7,False
54,6,906,929,"(0, 1)",1,False
54,6,929,953,"(1, 1)",7,False
54,6,953,976,"(0, 1)",1,False
54,6,976,999,"(0, 1)",1,False
54,6,999,1022,"(0, 1)",1,False
54,6,1022,1045,"(0, 1)",1,False
54,6,1045,1068,"(0, 1)",1,False
54,6,1068,1091,"(0, 1)",1,False
54,6,1091,1113,"(-1, 1)",5,False
54,6,1113,1136,"(0, 1)",1,False
54,6,1136,1159,"(0, 1)",1,False
54,6,1159,1182,"(0, 1)",1,False
54,6,1182,1205,"(0, 1)",1,False
54,6,1205,1206,"(1, 0)",0,True
55,2,51,74,"(0, 1)",1,False
55,2,74,96,"(-1, 1)",5,False
55,2,96,119,"(0, 1)",1,False
55,2,119,142,"(0, 1)",1,False
55,2,142,165,"(0, 1)",1,False
55,2,165,188,"(0, 1)",1,False
55,2,188,211,"(0, 1)",1,False
55,2,211,235,"(1, 1)",7,False
55,2,235,258,"(0, 1)",1,False
55,2,258,281,"(0, 1)",1,False
55,2,281,304,"(0, 1)",1,False
55,2,304,328,"(1, 1)",7,False
55,2,328,351,"(0, 1)",1,False
55,2,351,374,"(0, 1)",1,False
55,2,374,397,"(0, 1)",1,False
55,2,397,420,"(0, 1)",1,False
55,2,420,443,"(0, 1)",1,False
55,2,443,466,"(0, 1)",1,False
55,2,466,489,"(0, 1)",1,False
55,2,489,512,"(0, 1)",1,False
55,2,512,535,"(0, 1)",1,False
55,2,535,558,"(0, 1)",1,False
55,2,558,580,"(-1, 1)",5,False
55,2,580,603,"(0, 1)",1,False
55,2,603,626,"(0, 1)",1,False
55,2,626,650,"(1, 1)",7,False
55,2,650,673,"(0, 1)",1,False
55,2,673,696,"(0, 1)",1,False
55,2,696,719,"(0, 1)",1,False
55,2,719,742,"(0, 1)",1,False
55,2,742,764,"(-1, 1)",5,False
55,2,764,787,"(0, 1)",1,False
55,2,787,811,"(1, 1)",7,False
55,2,811,835,"(1, 1)",7,False
55,2,835,858,"(0, 1)",1,False
55,2,858,881,"(0, 1)",1,False
55,2,881,904,"(0, 1)",1,False
55,2,904,927,"(0, 1)",1,False
55,2,927,949,"(-1, 1)",5,False
55,2,949,972,"(0, 1)",1,False
55,2,972,995,"(0, 1)",1,False
55,2,995,1018,"(0, 1)",1,False
55,2,1018,1041,"(0, 1)",1,False
55,2,1041,1064,"(0, 1)",1,False
55,2,1064,1088,"(1, 1)",7,False
55,2,1088,1111,"(0, 1)",1,False
55,2,1111,1134,"(0, 1)",1,False
55,2,1134,1157,"(0, 1)",1,False
55,2,1157,1180,"(0, 1)",1,False
55,2,1180,1203,"(0, 1)",1,False
55,2,1203,1204,"(1, 0)",0,False
55,2,1204,1205,"(1, 0)",0,False
55,2,1205,1206,"(1, 0)",0,True
56,3,7,30,"(0, 1)",1,False
56,3,30,54,"(1, 1)",7,False
56,3,54,77,"(0, 1)",1,False
56,3,77,101,"(1, 1)",7,False
56,3,101,124,"(0, 1)",1,False
56,3,124,148,"(1, 1)",7,False
56,3,148,171,"(0, 1)",1,False
56,3,171,195,"(1, 1)",7,False
56,3,195,219,"(1, 1)",7,False
56,3,219,242,"(0, 1)",1,False
56,3,242,265,"(0, 1)",1,False
56,3,265,289,"(1, 1)",7,False
56,3,289,312,"(0, 1)",1,False
56,3,312,335,"(0, 1)",1,False
56,3,335,358,"(0, 1)",1,False
56,3,358,381,"(0, 1)",1,False
56,3,381,404,"(0, 1)",1,False
56,3,404,427,"(0, 1)",1,False
56,3,427,450,"(0, 1)",1,False
56,3,450,472,"(-1, 1)",5,False
56,3,472,495,"(0, 1)",1,False
56,3,495,519,"(1, 1)",7,False
56,3,519,542,"(0, 1)",1,False
56,3,542,564,"(-1, 1)",5,False
56,3,564,586,"(-1, 1)",5,False
56,3,586,610,"(1, 1)",7,False
56,3,610,609,"(-1, 0)",2,False
56,3,609,608,"(-1, 0)",2,False
56,3,608,607,"(-1, 0)",2,False
56,3,607,606,"(-1, 0)",2,False
56,3,606,605,"(-1, 0)",2,False
56,3,605,604,"(-1, 0)",2,False
56,3,604,627,"(0, 1)",1,False
56,3,627,650,"(0, 1)",1,False
56,3,650,673,"(0, 1)",1,False
56,3,673,696,"(0, 1)",1,False
56,3,696,719,"(0, 1)",1,False
56,3,719,743,"(1, 1)",7,False
56,3,743,766,"(0, 1)",1,False
56,3,766,790,"(1, 1)",7,False
56,3,790,791,"(1, 0)",0,False
56,3,791,792,"(1, 0)",0,False
56,3,792,793,"(1, 0)",0,False
56,3,793,794,"(1, 0)",0,False
56,3,794,818,"(1, 1)",7,False
56,3,818,819,"(1, 0)",0,False
56,3,819,842,"(0, 1)",1,False
56,3,842,865,"(0, 1)",1,False
56,3,865,888,"(0, 1)",1,False
56,3,888,911,"(0, 1)",1,False
56,3,911,934,"(0, 1)",1,False
56,3,934,958,"(1, 1)",7,False
56,3,958,981,"(0, 1)",1,False
56,3,981,1003,"(-1, 1)",5,False
56,3,1003,1026,"(0, 1)",1,False
56,3,1026,1049,"(0, 1)",1,False
56,3,1049,1072,"(0, 1)",1,False
56,3,1072,1095,"(0, 1)",1,False
56,3,1095,1119,"(1, 1)",7,False
56,3,1119,1142,"(0, 1)",1,False
56,3,1142,1164,"(-1, 1)",5,False
56,3,1164,1187,"(0, 1)",1,False
56,3,1187,1186,"(-1, 0)",2,False
56,3,1186,1185,"(-1, 0)",2,False
56,3,1185,1207,"(-1, 1)",5,False
56,3,1207,1206,"(-1, 0)",2,True
57,2,75,98,"(0, 1)",1,False
57,2,98,122,"(1, 1)",7,False
57,2,122,145,"(0, 1)",1,False
57,2,145,168,"(0, 1)",1,False
57,2,168,191,"(0, 1)",1,False
57,2,191,215,"(1, 1)",7,False
57,2,215,238,"(0, 1)",1,False
57,2,238,261,"(0, 1)",1,False
57,2,261,284,"(0, 1)",1,False
57,2,284,308,"(1, 1)",7,False
57,2,308,331,"(0, 1)",1,False
57,2,331,354,"(0, 1)",1,False
57,2,354,377,"(0, 1)",1,False
57,2,377,400,"(0, 1)",1,False
57,2,400,423,"(0, 1)",1,False
57,2,423,447,"(1, 1)",7,False
57,2,447,471,"(1, 1)",7,False
57,2,471,494,"(0, 1)",1,False
57,2,494,516,"(-1, 1)",5,False
57,2,516,539,"(0, 1)",1,False
57,2,539,563,"(1, 1)",7,False
57,2,563,586,"(0, 1)",1,False
57,2,586,610,"(1, 1)",7,False
57,2,610,609,"(-1, 0)",2,False
57,2,609,608,"(-1, 0)",2,False
57,2,608,607,"(-1, 0)",2,False
57,2,607,606,"(-1, 0)",2,False
57,2,606,605,"(-1, 0)",2,False
57,2,605,604,"(-1, 0)",2,False
57,2,604,627,"(0, 1)",1,False
57,2,627,628,"(1, 0)",0,False
57,2,628,629,"(1, 0)",0,False
57,2,629,630,"(1, 0)",0,False
57,2,630,631,"(1, 0)",0,False
57,2,631,632,"(1, 0)",0,False
57,2,632,633,"(1, 0)",0,False
57,2,633,632,"(-1, 0)",2,False
57,2,632,654,"(-1, 1)",5,False
57,2,654,653,"(-1, 0)",2,False
57,2,653,675,"(-1, 1)",5,False
57,2,675,674,"(-1, 0)",2,False
57,2,674,675,"(1, 0)",0,False
57,2,675,676,"(1, 0)",0,False
57,2,676,700,"(1, 1)",7,False
57,2,700,724,"(1, 1)",7,False
57,2,724,748,"(1, 1)",7,False
57,2,748,772,"(1, 1)",7,False
57,2,772,795,"(0, 1)",1,False
57,2,795,818,"(0, 1)",1,False
57,2,818,841,"(0, 1)",1,False
57,2,841,864,"(0, 1)",1,False
57,2,864,887,"(0, 1)",1,False
57,2,887,910,"(0, 1)",1,False
57,2,910,933,"(0, 1)",1,False
57,2,933,957,"(1, 1)",7,False
57,2,957,980,"(0, 1)",1,False
57,2,980,1003,"(0, 1)",1,False
57,2,1003,1025,"(-1, 1)",5,False
57,2,1025,1048,"(0, 1)",1,False
57,2,1048,1071,"(0, 1)",1,False
57,2,1071,1094,"(0, 1)",1,False
57,2,1094,1116,"(-1, 1)",5,False
57,2,1116,1139,"(0, 1)",1,False
57,2,1139,1162,"(0, 1)",1,False
57,2,1162,1185,"(0, 1)",1,False
57,2,1185,1208,"(0, 1)",1,False
57,2,1208,1207,"(-1, 0)",2,False
57,2,1207,1206,"(-1, 0)",2,True
58,1,77,101,"(1, 1)",7,False
58,1,101,125,"(1, 1)",7,False
58,1,125,149,"(1, 1)",7,False
58,1,149,172,"(0, 1)",1,False
58,1,172,196,"(1, 1)",7,False
58,1,196,219,"(0, 1)",1,False
58,1,219,243,"(1, 1)",7,False
58,1,243,267,"(1, 1)",7,False
58,1,267,290,"(0, 1)",1,False
58,1,290,313,"(0, 1)",1,False
58,1,313,336,"(0, 1)",1,False
58,1,336,359,"(0, 1)",1,False
58,1,359,382,"(0, 1)",1,False
58,1,382,406,"(1, 1)",7,False
58,1,406,429,"(0, 1)",1,False
58,1,429,452,"(0, 1)",1,False
58,1,452,476,"(1, 1)",7,False
58,1,476,499,"(0, 1)",1,False
58,1,499,522,"(0, 1)",1,False
58,1,522,544,"(-1, 1)",5,False
58,1,544,567,"(0, 1)",1,False
58,1,567,589,"(-1, 1)",5,False
58,1,589,612,"(0, 1)",1,False
58,1,612,611,"(-1, 0)",2,False
58,1,611,610,"(-1, 0)",2,False
58,1,610,609,"(-1, 0)",2,False
58,1,609,608,"(-1, 0)",2,False
58,1,608,607,"(-1, 0)",2,False
58,1,607,606,"(-1, 0)",2,False
58,1,606,605,"(-1, 0)",2,False
58,1,605,604,"(-1, 0)",2,False
58,1,604,627,"(0, 1)",1,False
58,1,627,651,"(1, 1)",7,False
58,1,651,674,"(0, 1)",1,False
58,1,674,697,"(0, 1)",1,False
58,1,697,721,"(1, 1)",7,False
58,1,721,744,"(0, 1)",1,False
58,1,744,767,"(0, 1)",1,False
58,1,767,791,"(1, 1)",7,False
58,1,791,814,"(0, 1)",1,False
58,1,814,837,"(0, 1)",1,False
58,1,837,860,"(0, 1)",1,False
58,1,860,883,"(0, 1)",1,False
58,1,883,906,"(0, 1)",1,False
58,1,906,907,"(1, 0)",0,False
58,1,907,908,"(1, 0)",0,False
58,1,908,932,"(1, 1)",7,False
58,1,932,933,"(1, 0)",0,False
58,1,933,956,"(0, 1)",1,False
58,1,956,979,"(0, 1)",1,False
58,1,979,1002,"(0, 1)",1,False
58,1,1002,1025,"(0, 1)",1,False
58,1,1025,1026,"(1, 0)",0,False
58,1,1026,1027,"(1, 0)",0,False
58,1,1027,1051,"(1, 1)",7,False
58,1,1051,1052,"(1, 0)",0,False
58,1,1052,1074,"(-1, 1)",5,False
58,1,1074,1073,"(-1, 0)",2,False
58,1,1073,1095,"(-1, 1)",5,False
58,1,1095,1094,"(-1, 0)",2,False
58,1,1094,1116,"(-1, 1)",5,False
58,1,1116,1139,"(0, 1)",1,False
58,1,1139,1161,"(-1, 1)",5,False
58,1,1161,1183,"(-1, 1)",5,False
58,1,1183,1206,"(0, 1)",1,True
59,1,52,75,"(0, 1)",1,False
59,1,75,99,"(1, 1)",7,False
59,1,99,122,"(0, 1)",1,False
59,1,122,145,"(0, 1)",1,False
59,1,145,168,"(0, 1)",1,False
59,1,168,190,"(-1, 1)",5,False
59,1,190,213,"(0, 1)",1,False
59,1,213,237,"(1, 1)",7,False
59,1,237,261,"(1, 1)",7,False
59,1,261,284,"(0, 1)",1,False
59,1,284,307,"(0, 1)",1,False
59,1,307,330,"(0, 1)",1,False
59,1,330,354,"(1, 1)",7,False
59,1,354,377,"(0, 1)",1,False
59,1,377,400,"(0, 1)",1,False
59,1,400,423,"(0, 1)",1,False
59,1,423,446,"(0, 1)",1,False
59,1,446,469,"(0, 1)",1,False
59,1,469,492,"(0, 1)",1,False
59,1,492,515,"(0, 1)",1,False
59,1,515,538,"(0, 1)",1,False
59,1,538,560,"(-1, 1)",5,False
59,1,560,583,"(0, 1)",1,False
59,1,583,605,"(-1, 1)",5,False
59,1,605,604,"(-1, 0)",2,False
59,1,604,627,"(0, 1)",1,False
59,1,627,628,"(1, 0)",0,False
59,1,628,650,"(-1, 1)",5,False
59,1,650,674,"(1, 1)",7,False
59,1,674,697,"(0, 1)",1,False
59,1,697,720,"(0, 1)",1,False
59,1,720,743,"(0, 1)",1,False
59,1,743,766,"(0, 1)",1,False
59,1,766,789,"(0, 1)",1,False
59,1,789,813,"(1, 1)",7,False
59,1,813,836,"(0, 1)",1,False
59,1,836,859,"(0, 1)",1,False
59,1,859,882,"(0, 1)",1,False
59,1,882,905,"(0, 1)",1,False
59,1,905,928,"(0, 1)",1,False
59,1,928,951,"(0, 1)",1,False
59,1,951,973,"(-1, 1)",5,False
59,1,973,996,"(0, 1)",1,False
59,1,996,1019,"(0, 1)",1,False
59,1,1019,1041,"(-1, 1)",5,False
59,1,1041,1064,"(0, 1)",1,False
59,1,1064,1087,"(0, 1)",1,False
59,1,1087,1110,"(0, 1)",1,False
59,1,1110,1133,"(0, 1)",1,False
59,1,1133,1157,"(1, 1)",7,False
59,1,1157,1180,"(0, 1)",1,False
59,1,1180,1181,"(1, 0)",0,False
59,1,1181,1205,"(1, 1)",7,False
59,1,1205,1206,"(1, 0)",0,True
60,2,76,99,"(0, 1)",1,False
60,2,99,122,"(0, 1)",1,False
60,2,122,146,"(1, 1)",7,False
60,2,146,170,"(1, 1)",7,False
60,2,170,193,"(0, 1)",1,False
60,2,193,216,"(0, 1)",1,False
60,2,216,240,"(1, 1)",7,False
60,2,240,263,"(0, 1)",1,False
60,2,263,286,"(0, 1)",1,False
60,2,286,309,"(0, 1)",1,False
60,2,309,333,"(1, 1)",7,False
60,2,333,356,"(0, 1)",1,False
60,2,356,379,"(0, 1)",1,False
60,2,379,402,"(0, 1)",1,False
60,2,402,425,"(0, 1)",1,False
60,2,425,448,"(0, 1)",1,False
60,2,448,471,"(0, 1)",1,False
60,2,471,494,"(0, 1)",1,False
60,2,494,517,"(0, 1)",1,False
60,2,517,539,"(-1, 1)",5,False
60,2,539,561,"(-1, 1)",5,False
60,2,561,585,"(1, 1)",7,False
60,2,585,586,"(1, 0)",0,False
60,2,586,610,"(1, 1)",7,False
60,2,610,611,"(1, 0)",0,False
60,2,611,610,"(-1, 0)",2,False
60,2,610,609,"(-1, 0)",2,False
60,2,609,608,"(-1, 0)",2,False
60,2,608,607,"(-1, 0)",2,False
60,2,607,606,"(-1, 0)",2,False
60,2,606,605,"(-1, 0)",2,False
60,2,605,604,"(-1, 0)",2,False
60,2,604,627,"(0, 1)",1,False
60,2,627,651,"(1, 1)",7,False
60,2,651,674,"(0, 1)",1,False
60,2,674,698,"(1, 1)",7,False
60,2,698,699,"(1, 0)",0,False
60,2,699,723,"(1, 1)",7,False
60,2,723,747,"(1, 1)",7,False
60,2,747,770,"(0, 1)",1,False
60,2,770,794,"(1, 1)",7,False
60,2,794,817,"(0, 1)",1,False
60,2,817,840,"(0, 1)",1,False
60,2,840,863,"(0, 1)",1,False
60,2,863,886,"(0, 1)",1,False
60,2,886,909,"(0, 1)",1,False
60,2,909,932,"(0, 1)",1,False
60,2,932,955,"(0, 1)",1,False
60,2,955,978,"(0, 1)",1,False
60,2,978,1001,"(0, 1)",1,False
60,2,1001,1023,"(-1, 1)",5,False
60,2,1023,1046,"(0, 1)",1,False
60,2,1046,1068,"(-1, 1)",5,False
60,2,1068,1091,"(0, 1)",1,False
60,2,1091,1114,"(0, 1)",1,False
60,2,1114,1137,"(0, 1)",1,False
60,2,1137,1160,"(0, 1)",1,False
60,2,1160,1183,"(0, 1)",1,False
60,2,1183,1206,"(0, 1)",1,True
61,2,76,100,"(1, 1)",7,False
61,2,100,124,"(1, 1)",7,False
61,2,124,148,"(1, 1)",7,False
61,2,148,171,"(0, 1)",1,False
61,2,171,194,"(0, 1)",1,False
61,2,194,216,"(-1, 1)",5,False
61,2,216,239,"(0, 1)",1,False
61,2,239,262,"(0, 1)",1,False
61,2,262,285,"(0, 1)",1,False
61,2,285,309,"(1, 1)",7,False
61,2,309,332,"(0, 1)",1,False
61,2,332,355,"(0, 1)",1,False
61,2,355,378,"(0, 1)",1,False
61,2,378,401,"(0, 1)",1,False
61,2,401,424,"(0, 1)",1,False
61,2,424,447,"(0, 1)",1,False
61,2,447,470,"(0, 1)",1,False
61,2,470,494,"(1, 1)",7,False
61,2,494,517,"(0, 1)",1,False
61,2,517,540,"(0, 1)",1,False
61,2,540,563,"(0, 1)",1,False
61,2,563,586,"(0, 1)",1,False
61,2,586,610,"(1, 1)",7,False
61,2,610,609,"(-1, 0)",2,False
61,2,609,608,"(-1, 0)",2,False
61,2,608,607,"(-1, 0)",2,False
61,2,607,606,"(-1, 0)",2,False
61,2,606,605,"(-1, 0)",2,False
61,2,605,604,"(-1, 0)",2,False
61,2,604,627,"(0, 1)",1,False
61,2,627,628,"(1, 0)",0,False
61,2,628,629,"(1, 0)",0,False
61,2,629,630,"(1, 0)",0,False
61,2,630,631,"(1, 0)",0,False
61,2,631,632,"(1, 0)",0,False
61,2,632,633,"(1, 0)",0,False
61,2,633,634,"(1, 0)",0,False
61,2,634,635,"(1, 0)",0,False
61,2,635,634,"(-1, 0)",2,False
61,2,634,633,"(-1, 0)",2,False
61,2,633,632,"(-1, 0)",2,False
61,2,632,631,"(-1, 0)",2,False
61,2,631,630,"(-1, 0)",2,False
61,2,630,629,"(-1, 0)",2,False
61,2,629,628,"(-1, 0)",2,False
61,2,628,627,"(-1, 0)",2,False
61,2,627,650,"(0, 1)",1,False
61,2,650,674,"(1, 1)",7,False
61,2,674,697,"(0, 1)",1,False
61,2,697,721,"(1, 1)",7,False
61,2,721,745,"(1, 1)",7,False
61,2,745,768,"(0, 1)",1,False
61,2,768,791,"(0, 1)",1,False
61,2,791,814,"(0, 1)",1,False
61,2,814,837,"(0, 1)",1,False
61,2,837,861,"(1, 1)",7,False
61,2,861,884,"(0, 1)",1,False
61,2,884,907,"(0, 1)",1,False
61,2,907,931,"(1, 1)",7,False
61,2,931,954,"(0, 1)",1,False
61,2,954,977,"(0, 1)",1,False
61,2,977,1000,"(0, 1)",1,False
61,2,1000,1022,"(-1, 1)",5,False
61,2,1022,1045,"(0, 1)",1,False
61,2,1045,1068,"(0, 1)",1,False
61,2,1068,1090,"(-1, 1)",5,False
61,2,1090,1113,"(0, 1)",1,False
61,2,1113,1136,"(0, 1)",1,False
61,2,1136,1158,"(-1, 1)",5,False
61,2,1158,1181,"(0, 1)",1,False
61,2,1181,1205,"(1, 1)",7,False
61,2,1205,1206,"(1, 0)",0,True
